Window,True Label,IF Anomaly,LSTM Anomaly,XGBoost Prediction
1,0,1,No,0
2,0,1,No,0
3,0,-1,No,0
4,0,1,No,0
5,0,1,No,0
6,0,-1,No,0
7,0,1,No,0
8,0,1,No,0
9,0,1,No,0
10,0,1,No,0
11,0,1,No,0
12,0,1,No,0
13,0,1,No,0
14,0,1,No,0
15,0,1,No,0
16,0,1,No,0
17,0,1,No,0
18,0,1,No,0
19,0,1,No,0
20,0,1,No,0
21,0,1,No,0
22,0,1,No,0
23,0,1,No,0
24,0,1,No,0
25,0,1,No,0
26,0,1,No,0
27,0,1,No,0
28,0,1,No,0
29,0,1,No,0
30,0,1,No,0
31,0,1,No,0
32,0,1,No,0
33,0,1,No,0
34,0,1,No,0
35,0,1,No,0
36,0,1,No,0
37,0,1,No,0
38,0,1,No,0
39,0,1,No,0
40,0,1,No,0
41,0,1,No,0
42,0,1,No,0
43,0,1,No,0
44,0,1,No,0
45,0,1,No,0
46,0,1,No,0
47,0,1,No,0
48,0,1,No,0
49,0,1,No,0
50,0,1,No,0
51,0,1,No,0
52,0,1,No,0
53,0,1,No,0
54,0,1,No,0
55,0,1,No,0
56,0,-1,No,0
57,0,-1,No,0
58,0,1,No,0
59,0,1,No,0
60,0,1,No,0
61,0,1,No,0
62,0,1,No,0
63,0,1,No,0
64,0,1,No,0
65,0,1,No,0
66,0,1,No,0
67,0,1,No,0
68,0,1,No,0
69,0,1,No,0
70,0,1,No,0
71,0,1,No,0
72,0,1,No,0
73,0,1,No,0
74,0,1,No,0
75,0,1,No,0
76,0,1,No,0
77,0,1,No,0
78,0,1,No,0
79,0,1,No,0
80,0,1,No,0
81,0,1,No,0
82,0,1,No,0
83,0,1,No,0
84,0,1,No,0
85,0,1,No,0
86,0,1,No,0
87,0,1,No,0
88,0,1,No,0
89,0,1,No,0
90,0,1,No,0
91,0,1,No,0
92,0,1,No,0
93,0,1,No,0
94,0,1,No,0
95,0,1,No,0
96,0,1,No,0
97,0,-1,No,0
98,0,-1,No,0
99,0,1,No,0
100,0,1,No,0
101,0,1,No,0
102,0,1,No,0
103,0,1,No,0
104,0,1,No,0
105,0,1,No,0
106,0,1,No,0
107,0,1,No,0
108,0,1,No,0
109,0,1,No,0
110,0,1,No,0
111,0,1,No,0
112,0,-1,No,0
113,0,1,No,0
114,0,1,No,0
115,0,1,No,0
116,0,1,No,0
117,0,1,No,0
118,0,-1,No,0
119,0,-1,No,0
120,0,1,No,0
121,0,1,No,0
122,0,1,No,0
123,0,1,No,0
124,0,1,No,0
125,0,1,No,0
126,0,1,No,0
127,0,1,No,0
128,0,1,No,0
129,0,1,No,0
130,0,1,No,0
131,0,1,No,0
132,0,1,No,0
133,0,1,No,0
134,0,1,No,0
135,0,1,No,0
136,0,1,No,0
137,0,1,No,0
138,0,1,No,0
139,0,1,No,0
140,0,1,No,0
141,0,1,No,0
142,0,1,No,0
143,0,1,No,0
144,0,-1,No,0
145,0,1,No,0
146,0,1,No,0
147,0,1,No,0
148,0,1,No,0
149,0,1,No,0
150,0,1,No,0
151,0,1,No,0
152,0,1,No,0
153,0,1,No,0
154,0,1,No,0
155,0,-1,No,0
156,0,1,No,0
157,0,1,No,0
158,0,1,No,0
159,0,1,No,0
160,0,1,No,0
161,0,1,No,0
162,0,1,No,0
163,0,1,No,0
164,0,1,No,0
165,0,1,No,0
166,0,1,No,0
167,0,1,No,0
168,0,1,No,0
169,0,1,No,0
170,0,1,No,0
171,0,1,No,0
172,0,1,No,0
173,0,1,No,0
174,0,1,No,0
175,0,1,No,0
176,0,1,No,0
177,0,1,No,0
178,0,1,No,0
179,0,1,No,0
180,0,1,No,0
181,0,1,No,0
182,0,1,No,0
183,0,1,No,0
184,0,1,No,0
185,0,1,No,0
186,0,1,No,0
187,0,1,No,0
188,0,1,No,0
189,0,1,No,0
190,0,1,No,0
191,0,1,No,0
192,0,1,No,0
193,0,1,No,0
194,0,1,No,0
195,0,1,No,0
196,0,1,No,0
197,0,1,No,0
198,0,-1,No,0
199,0,1,No,0
200,0,1,No,0
201,0,1,No,0
202,0,1,No,0
203,0,1,No,0
204,0,1,No,0
205,0,1,No,0
206,0,1,No,0
207,0,1,No,0
208,0,1,No,0
209,0,1,No,0
210,0,1,No,0
211,0,1,No,0
212,0,1,No,0
213,0,1,No,0
214,0,1,No,0
215,0,1,No,0
216,0,1,No,0
217,0,1,No,0
218,0,1,No,0
219,0,1,No,0
220,0,1,No,0
221,0,1,No,0
222,0,1,No,0
223,0,1,No,0
224,0,1,No,0
225,0,1,No,0
226,0,1,No,0
227,0,1,No,0
228,0,1,No,0
229,0,1,No,0
230,0,1,No,0
231,0,1,No,0
232,0,1,No,0
233,0,1,No,0
234,0,1,No,0
235,0,1,No,0
236,0,1,No,0
237,0,1,No,0
238,0,1,No,0
239,0,1,No,0
240,0,1,No,0
241,0,1,No,0
242,0,1,No,0
243,0,1,No,0
244,0,1,No,0
245,0,1,No,0
246,0,1,No,0
247,0,1,No,0
248,0,-1,No,0
249,0,1,No,0
250,0,-1,No,0
251,0,1,No,0
252,0,1,No,0
253,0,1,No,0
254,0,1,No,0
255,0,1,No,0
256,0,1,No,0
257,0,1,No,0
258,0,1,No,0
259,0,1,No,0
260,0,1,No,0
261,0,1,No,0
262,0,1,No,0
263,0,1,No,0
264,0,1,No,0
265,0,1,No,0
266,0,1,No,0
267,0,1,No,0
268,0,1,No,0
269,0,1,No,0
270,0,1,No,0
271,0,1,No,0
272,0,1,No,0
273,0,1,No,0
274,0,1,No,0
275,0,1,No,0
276,0,1,No,0
277,0,1,No,0
278,0,1,No,0
279,0,1,No,0
280,0,1,No,0
281,0,1,No,0
282,0,1,No,0
283,0,-1,No,0
284,0,1,No,0
285,0,1,No,0
286,0,1,No,0
287,0,1,No,0
288,0,1,No,0
289,0,1,No,0
290,0,1,No,0
291,0,1,No,0
292,0,1,No,0
293,0,1,No,0
294,0,1,No,0
295,0,1,No,0
296,0,1,No,0
297,0,1,No,0
298,0,1,No,0
299,0,1,No,0
300,0,1,No,0
301,0,1,No,0
302,0,1,No,0
303,0,1,No,0
304,0,1,No,0
305,0,1,No,0
306,0,1,No,0
307,0,1,No,0
308,0,1,No,0
309,0,1,No,0
310,0,1,No,0
311,0,1,No,0
312,0,1,No,0
313,0,1,No,0
314,0,1,No,0
315,0,1,No,0
316,0,1,No,0
317,0,1,No,0
318,0,1,No,0
319,0,1,No,0
320,0,1,No,0
321,0,1,No,0
322,0,1,No,0
323,0,1,No,0
324,0,1,No,0
325,0,1,No,0
326,0,1,No,0
327,0,1,No,0
328,0,1,No,0
329,0,1,No,0
330,0,1,No,0
331,0,1,No,0
332,0,1,No,0
333,0,1,No,0
334,0,1,No,0
335,0,1,No,0
336,0,1,No,0
337,0,1,No,0
338,0,1,No,0
339,0,1,No,0
340,0,1,No,0
341,0,1,No,0
342,0,1,No,0
343,0,1,No,0
344,0,1,No,0
345,0,1,No,0
346,0,1,No,0
347,0,1,No,0
348,0,1,No,0
349,0,1,No,0
350,0,1,No,0
351,0,1,No,0
352,0,1,No,0
353,0,-1,No,0
354,0,1,No,0
355,0,1,No,0
356,0,1,No,0
357,0,1,No,0
358,0,1,No,0
359,0,1,No,0
360,0,-1,No,0
361,0,-1,No,0
362,0,1,No,0
363,0,-1,No,0
364,0,1,No,0
365,0,1,No,0
366,0,1,No,0
367,0,1,No,0
368,0,1,No,0
369,0,1,No,0
370,0,1,No,0
371,0,1,No,0
372,0,1,No,0
373,0,1,No,0
374,0,1,No,0
375,0,1,No,0
376,0,1,No,0
377,0,1,No,0
378,0,1,No,0
379,0,1,No,0
380,0,1,No,0
381,0,1,No,0
382,0,1,No,0
383,0,1,No,0
384,0,1,No,0
385,0,1,No,0
386,0,1,No,0
387,0,1,No,0
388,0,-1,No,0
389,0,1,No,0
390,0,1,No,0
391,0,-1,No,0
392,0,1,No,0
393,0,1,No,0
394,0,1,No,0
395,0,1,No,0
396,0,1,No,0
397,0,1,No,0
398,0,1,No,0
399,0,1,No,0
400,0,1,No,0
401,0,1,No,0
402,0,-1,No,0
403,0,1,No,0
404,0,1,No,0
405,0,1,No,0
406,0,1,No,0
407,0,1,No,0
408,0,1,No,0
409,0,1,No,0
410,0,1,No,0
411,0,1,No,0
412,0,1,No,0
413,0,1,No,0
414,0,1,No,0
415,0,1,No,0
416,0,1,No,0
417,0,1,No,0
418,0,1,No,0
419,0,1,No,0
420,0,1,No,0
421,0,1,No,0
422,0,1,No,0
423,0,1,No,0
424,0,1,No,0
425,0,1,No,0
426,0,1,No,0
427,0,1,No,0
428,0,1,No,0
429,0,1,No,0
430,0,1,No,0
431,0,1,No,0
432,0,1,No,0
433,0,1,No,0
434,0,1,No,0
435,0,1,No,0
436,0,1,No,0
437,0,1,No,0
438,0,1,No,0
439,0,1,No,0
440,0,1,No,0
441,0,1,No,0
442,0,1,No,0
443,0,1,No,0
444,0,-1,No,0
445,0,1,No,0
446,0,1,No,0
447,0,1,No,0
448,0,1,No,0
449,0,1,No,0
450,0,1,No,0
451,0,1,No,0
452,0,1,No,0
453,0,1,No,0
454,0,-1,No,0
455,0,1,No,0
456,0,1,No,0
457,0,1,No,0
458,0,1,No,0
459,0,1,No,0
460,0,1,No,0
461,0,1,No,0
462,0,1,No,0
463,0,1,No,0
464,0,1,No,0
465,0,1,No,0
466,0,1,No,0
467,0,1,No,0
468,0,1,No,0
469,0,1,No,0
470,0,1,No,0
471,0,1,No,0
472,0,1,No,0
473,0,1,No,0
474,0,1,No,0
475,0,1,No,0
476,1,-1,Yes,1
477,1,-1,Yes,1
478,1,-1,Yes,1
479,1,-1,Yes,1
480,1,-1,Yes,1
481,1,-1,Yes,1
482,1,-1,Yes,1
483,1,-1,Yes,1
484,1,-1,Yes,1
485,1,-1,Yes,1
486,1,-1,Yes,1
487,1,-1,Yes,1
488,1,-1,Yes,1
489,1,-1,Yes,1
490,1,-1,Yes,1
491,1,-1,Yes,1
492,1,-1,Yes,1
493,1,-1,Yes,1
494,1,-1,Yes,1
495,1,-1,Yes,1
496,1,-1,Yes,1
497,1,-1,Yes,1
498,1,-1,Yes,1
499,1,-1,Yes,1
500,1,-1,Yes,1
501,1,-1,Yes,1
502,1,-1,Yes,1
503,1,-1,Yes,1
504,1,-1,Yes,1
505,1,-1,Yes,1
506,1,-1,Yes,1
507,1,-1,Yes,1
508,1,-1,Yes,1
509,1,-1,Yes,1
510,1,-1,Yes,1
511,1,-1,Yes,1
512,1,-1,Yes,1
513,1,-1,Yes,1
514,1,-1,Yes,1
515,1,-1,Yes,1
516,1,-1,Yes,1
517,1,-1,Yes,1
518,1,-1,Yes,1
519,1,-1,Yes,1
520,1,-1,Yes,1
521,1,-1,Yes,1
522,1,-1,Yes,1
523,1,-1,Yes,1
524,1,-1,Yes,1
525,1,-1,Yes,1
526,1,-1,Yes,1
527,1,-1,Yes,1
528,1,-1,Yes,1
529,1,-1,Yes,1
530,1,-1,Yes,1
531,1,-1,Yes,1
532,1,-1,Yes,1
533,1,-1,Yes,1
534,1,-1,Yes,1
535,1,-1,Yes,1
536,1,-1,Yes,1
537,1,-1,Yes,1
538,1,-1,Yes,1
539,1,-1,Yes,1
540,1,-1,Yes,1
541,1,-1,Yes,1
542,1,-1,Yes,1
543,1,-1,Yes,1
544,1,-1,Yes,1
545,1,-1,Yes,1
546,1,-1,Yes,1
547,1,-1,Yes,1
548,1,-1,Yes,1
549,1,-1,Yes,1
550,1,-1,Yes,1
551,1,-1,Yes,1
552,1,-1,Yes,1
553,1,-1,Yes,1
554,1,-1,Yes,1
555,1,-1,Yes,1
556,1,-1,Yes,1
557,1,-1,Yes,1
558,1,-1,Yes,1
559,1,-1,Yes,1
560,1,-1,Yes,1
561,1,-1,Yes,1
562,1,-1,Yes,1
563,1,-1,Yes,1
564,1,-1,Yes,1
565,1,-1,Yes,1
566,1,-1,Yes,1
567,1,-1,Yes,1
568,1,-1,Yes,1
569,1,-1,Yes,1
570,1,-1,Yes,1
571,1,-1,Yes,1
572,1,-1,Yes,1
573,1,-1,Yes,1
574,1,-1,Yes,1
575,1,-1,Yes,1
576,1,-1,Yes,1
577,1,-1,Yes,1
578,1,-1,Yes,1
579,1,-1,Yes,1
580,1,-1,Yes,1
581,1,-1,Yes,1
582,1,-1,Yes,1
583,1,-1,Yes,1
584,1,-1,Yes,1
585,1,-1,Yes,1
586,1,-1,Yes,1
587,1,-1,Yes,1
588,1,-1,Yes,1
589,1,-1,Yes,1
590,1,-1,Yes,1
591,1,-1,Yes,1
592,1,-1,Yes,1
593,1,-1,Yes,1
594,1,-1,Yes,1
595,1,-1,Yes,1
596,1,-1,Yes,1
597,1,-1,Yes,1
598,1,-1,Yes,1
599,1,-1,Yes,1
600,1,-1,Yes,1
601,1,-1,Yes,1
602,1,-1,Yes,1
603,1,-1,Yes,1
604,1,-1,Yes,1
605,1,-1,Yes,1
606,1,-1,Yes,1
607,1,-1,Yes,1
608,1,-1,Yes,1
609,1,-1,Yes,1
610,1,-1,Yes,1
611,1,-1,Yes,1
612,1,-1,Yes,1
613,1,-1,Yes,1
614,1,-1,Yes,1
615,1,-1,Yes,1
616,1,-1,Yes,1
617,1,-1,Yes,1
618,1,-1,Yes,1
619,1,-1,Yes,1
620,1,-1,Yes,1
621,1,-1,Yes,1
622,1,-1,Yes,1
623,1,-1,Yes,1
624,1,-1,Yes,1
625,1,-1,Yes,1
626,1,-1,Yes,1
627,1,-1,Yes,1
628,1,-1,Yes,1
629,1,-1,Yes,1
630,1,-1,Yes,1
631,1,-1,Yes,1
632,1,-1,Yes,1
633,1,-1,Yes,1
634,1,-1,Yes,1
635,1,-1,Yes,1
636,1,-1,Yes,1
637,1,-1,Yes,1
638,1,-1,Yes,1
639,1,-1,Yes,1
640,1,-1,Yes,1
641,1,-1,Yes,1
642,1,-1,Yes,1
643,1,-1,Yes,1
644,1,-1,Yes,1
645,1,-1,Yes,1
646,1,-1,Yes,1
647,1,-1,Yes,1
648,1,-1,Yes,1
649,1,-1,Yes,1
650,1,-1,Yes,1
651,1,-1,Yes,1
652,1,-1,Yes,1
653,1,-1,Yes,1
654,1,-1,Yes,1
655,1,-1,Yes,1
656,1,-1,Yes,1
657,1,-1,Yes,1
658,1,-1,Yes,1
659,1,-1,Yes,1
660,1,-1,Yes,1
661,1,-1,Yes,1
662,1,-1,Yes,1
663,1,-1,Yes,1
664,1,-1,Yes,1
665,1,-1,Yes,1
666,1,-1,Yes,1
667,1,-1,Yes,1
668,1,-1,Yes,1
669,1,-1,Yes,1
670,1,-1,Yes,1
671,1,-1,Yes,1
672,1,-1,Yes,1
673,1,-1,Yes,1
674,1,-1,Yes,1
675,1,-1,Yes,1
676,1,-1,Yes,1
677,1,-1,Yes,1
678,1,-1,Yes,1
679,1,-1,Yes,1
680,1,-1,Yes,1
681,1,-1,Yes,1
682,1,-1,Yes,1
683,1,-1,Yes,1
684,1,-1,Yes,1
685,1,-1,Yes,1
686,1,-1,Yes,1
687,1,-1,Yes,1
688,1,-1,Yes,1
689,1,-1,Yes,1
690,1,-1,Yes,1
691,1,-1,Yes,1
692,1,-1,Yes,1
693,1,-1,Yes,1
694,1,-1,Yes,1
695,1,-1,Yes,1
696,1,-1,Yes,1
697,1,-1,Yes,1
698,1,-1,Yes,1
699,1,-1,Yes,1
700,1,-1,Yes,1
701,1,-1,Yes,1
702,1,-1,Yes,1
703,1,-1,Yes,1
704,1,-1,Yes,1
705,1,-1,Yes,1
706,1,-1,Yes,1
707,1,-1,Yes,1
708,1,-1,Yes,1
709,1,-1,Yes,1
710,1,-1,Yes,1
711,1,-1,Yes,1
712,1,-1,Yes,1
713,1,-1,Yes,1
714,2,-1,Yes,2
715,2,-1,Yes,2
716,2,-1,Yes,2
717,2,-1,Yes,2
718,2,-1,Yes,2
719,2,-1,Yes,2
720,2,-1,Yes,2
721,2,-1,Yes,2
722,2,-1,Yes,2
723,2,-1,Yes,2
724,2,-1,Yes,2
725,2,-1,Yes,2
726,2,-1,Yes,2
727,2,-1,Yes,2
728,2,-1,Yes,2
729,2,-1,Yes,2
730,2,-1,Yes,2
731,2,-1,Yes,2
732,2,-1,Yes,2
733,2,-1,Yes,2
734,2,-1,Yes,2
735,2,-1,Yes,2
736,2,-1,Yes,2
737,2,-1,Yes,2
738,2,-1,Yes,2
739,2,-1,Yes,2
740,2,-1,Yes,2
741,2,-1,Yes,2
742,2,-1,Yes,2
743,2,-1,Yes,2
744,2,-1,Yes,2
745,2,-1,Yes,2
746,2,-1,Yes,2
747,2,-1,Yes,2
748,2,-1,Yes,2
749,2,-1,Yes,2
750,2,-1,Yes,2
751,2,-1,Yes,2
752,2,-1,Yes,2
753,2,-1,Yes,2
754,2,-1,Yes,2
755,2,-1,Yes,2
756,2,-1,Yes,2
757,2,-1,Yes,2
758,2,-1,Yes,2
759,2,-1,Yes,2
760,2,-1,Yes,2
761,2,-1,Yes,2
762,2,-1,Yes,2
763,2,-1,Yes,2
764,2,-1,Yes,2
765,2,-1,Yes,2
766,2,-1,Yes,2
767,2,-1,Yes,2
768,2,-1,Yes,2
769,2,-1,Yes,2
770,2,-1,Yes,2
771,2,-1,Yes,2
772,2,-1,Yes,2
773,2,-1,Yes,2
774,2,-1,Yes,2
775,2,-1,Yes,2
776,2,-1,Yes,2
777,2,-1,Yes,2
778,2,-1,Yes,2
779,2,-1,Yes,2
780,2,-1,Yes,2
781,2,-1,Yes,2
782,2,-1,Yes,2
783,2,-1,Yes,2
784,2,-1,Yes,2
785,2,-1,Yes,2
786,2,-1,Yes,2
787,2,-1,Yes,2
788,2,-1,Yes,2
789,2,-1,Yes,2
790,2,-1,Yes,2
791,2,-1,Yes,2
792,2,-1,Yes,2
793,2,-1,Yes,2
794,2,-1,Yes,2
795,2,-1,Yes,2
796,2,-1,Yes,2
797,2,-1,Yes,2
798,2,-1,Yes,2
799,2,-1,Yes,2
800,2,-1,Yes,2
801,2,-1,Yes,2
802,2,-1,Yes,2
803,2,-1,Yes,2
804,2,-1,Yes,2
805,2,-1,Yes,2
806,2,-1,Yes,2
807,2,-1,Yes,2
808,2,-1,Yes,2
809,2,-1,Yes,2
810,2,-1,Yes,2
811,2,-1,Yes,2
812,2,-1,Yes,2
813,2,-1,Yes,2
814,2,-1,Yes,2
815,2,-1,Yes,2
816,2,-1,Yes,2
817,2,-1,Yes,2
818,2,-1,Yes,2
819,2,-1,Yes,2
820,2,-1,Yes,2
821,2,-1,Yes,2
822,2,-1,Yes,2
823,2,-1,Yes,2
824,2,-1,Yes,2
825,2,-1,Yes,2
826,2,-1,Yes,2
827,2,-1,Yes,2
828,2,-1,Yes,2
829,2,-1,Yes,2
830,2,-1,Yes,2
831,2,-1,Yes,2
832,2,-1,Yes,2
833,2,-1,Yes,2
834,2,-1,Yes,2
835,2,-1,Yes,2
836,2,-1,Yes,2
837,2,-1,Yes,2
838,2,-1,Yes,2
839,2,-1,Yes,2
840,2,-1,Yes,2
841,2,-1,Yes,2
842,2,-1,Yes,2
843,2,-1,Yes,2
844,2,-1,Yes,2
845,2,-1,Yes,2
846,2,-1,Yes,2
847,2,-1,Yes,2
848,2,-1,Yes,2
849,2,-1,Yes,2
850,2,-1,Yes,2
851,2,-1,Yes,2
852,2,-1,Yes,2
853,2,-1,Yes,2
854,2,-1,Yes,2
855,2,-1,Yes,2
856,2,-1,Yes,2
857,2,-1,Yes,2
858,2,-1,Yes,2
859,2,-1,Yes,2
860,2,-1,Yes,2
861,2,-1,Yes,2
862,2,-1,Yes,2
863,2,-1,Yes,2
864,2,-1,Yes,2
865,2,-1,Yes,2
866,2,-1,Yes,2
867,2,-1,Yes,2
868,2,-1,Yes,2
869,2,-1,Yes,2
870,2,-1,Yes,2
871,2,-1,Yes,2
872,2,-1,Yes,2
873,2,-1,Yes,2
874,2,-1,Yes,2
875,2,-1,Yes,2
876,2,-1,Yes,2
877,2,-1,Yes,2
878,2,-1,Yes,2
879,2,-1,Yes,2
880,2,-1,Yes,2
881,2,-1,Yes,2
882,2,-1,Yes,2
883,2,-1,Yes,2
884,2,-1,Yes,2
885,2,-1,Yes,2
886,2,-1,Yes,2
887,2,-1,Yes,2
888,2,-1,Yes,2
889,2,-1,Yes,2
890,2,-1,Yes,2
891,2,-1,Yes,2
892,2,-1,Yes,2
893,2,-1,Yes,2
894,2,-1,Yes,2
895,2,-1,Yes,2
896,2,-1,Yes,2
897,2,-1,Yes,2
898,2,-1,Yes,2
899,2,-1,Yes,2
900,2,-1,Yes,2
901,2,-1,Yes,2
902,2,-1,Yes,2
903,2,-1,Yes,2
904,2,-1,Yes,2
905,2,-1,Yes,2
906,2,-1,Yes,2
907,2,-1,Yes,2
908,2,-1,Yes,2
909,2,-1,Yes,2
910,2,-1,Yes,2
911,2,-1,Yes,2
912,2,-1,Yes,2
913,2,-1,Yes,2
914,2,-1,Yes,2
915,2,-1,Yes,2
916,2,-1,Yes,2
917,2,-1,Yes,2
918,2,-1,Yes,2
919,2,-1,Yes,2
920,2,-1,Yes,2
921,2,-1,Yes,2
922,2,-1,Yes,2
923,2,-1,Yes,2
924,2,-1,Yes,2
925,2,-1,Yes,2
926,2,-1,Yes,2
927,2,-1,Yes,2
928,2,-1,Yes,2
929,2,-1,Yes,2
930,2,-1,Yes,2
931,2,-1,Yes,2
932,2,-1,Yes,2
933,2,-1,Yes,2
934,2,-1,Yes,2
935,2,-1,Yes,2
936,2,-1,Yes,2
937,2,-1,Yes,2
938,2,-1,Yes,2
939,2,-1,Yes,2
940,2,-1,Yes,2
941,2,-1,Yes,2
942,2,-1,Yes,2
943,2,-1,Yes,2
944,2,-1,Yes,2
945,2,-1,Yes,2
946,2,-1,Yes,2
947,2,-1,Yes,2
948,2,-1,Yes,2
949,3,-1,Yes,3
950,3,-1,Yes,3
951,3,-1,Yes,3
952,3,-1,Yes,3
953,3,-1,Yes,3
954,3,-1,Yes,3
955,3,-1,Yes,3
956,3,-1,Yes,3
957,3,-1,Yes,3
958,3,-1,Yes,3
959,3,-1,Yes,3
960,3,-1,Yes,3
961,3,-1,Yes,3
962,3,-1,Yes,3
963,3,-1,Yes,3
964,3,-1,Yes,3
965,3,-1,Yes,3
966,3,-1,Yes,3
967,3,-1,Yes,3
968,3,-1,Yes,3
969,3,-1,Yes,3
970,3,-1,Yes,3
971,3,-1,Yes,3
972,3,-1,Yes,3
973,3,-1,Yes,3
974,3,-1,Yes,3
975,3,-1,Yes,3
976,3,-1,Yes,3
977,3,-1,Yes,3
978,3,-1,Yes,3
979,3,-1,Yes,3
980,3,-1,Yes,3
981,3,-1,Yes,3
982,3,-1,Yes,3
983,3,-1,Yes,3
984,3,-1,Yes,3
985,3,-1,Yes,3
986,3,-1,Yes,3
987,3,-1,Yes,3
988,3,-1,Yes,3
989,3,-1,Yes,3
990,3,-1,Yes,3
991,3,-1,Yes,3
992,3,-1,Yes,3
993,3,-1,Yes,3
994,3,-1,Yes,3
995,3,-1,Yes,3
996,3,-1,Yes,3
997,3,-1,Yes,3
998,3,-1,Yes,3
999,3,-1,Yes,3
1000,3,-1,Yes,3
1001,3,-1,Yes,3
1002,3,-1,Yes,3
1003,3,-1,Yes,3
1004,3,-1,Yes,3
1005,3,-1,Yes,3
1006,3,-1,Yes,3
1007,3,-1,Yes,3
1008,3,-1,Yes,3
1009,3,-1,Yes,3
1010,3,-1,Yes,3
1011,3,-1,Yes,3
1012,3,-1,Yes,3
1013,3,-1,Yes,3
1014,3,-1,Yes,3
1015,3,-1,Yes,3
1016,3,-1,Yes,3
1017,3,-1,Yes,3
1018,3,-1,Yes,3
1019,3,-1,Yes,3
1020,3,-1,Yes,3
1021,3,-1,Yes,3
1022,3,-1,Yes,3
1023,3,-1,Yes,3
1024,3,-1,Yes,3
1025,3,-1,Yes,3
1026,3,-1,Yes,3
1027,3,-1,Yes,3
1028,3,-1,Yes,3
1029,3,-1,Yes,3
1030,3,-1,Yes,3
1031,3,-1,Yes,3
1032,3,-1,Yes,3
1033,3,-1,Yes,3
1034,3,-1,Yes,3
1035,3,-1,Yes,3
1036,3,-1,Yes,3
1037,3,-1,Yes,3
1038,3,-1,Yes,3
1039,3,-1,Yes,3
1040,3,-1,Yes,3
1041,3,-1,Yes,3
1042,3,-1,Yes,3
1043,3,-1,Yes,3
1044,3,-1,Yes,3
1045,3,-1,Yes,3
1046,3,-1,Yes,3
1047,3,-1,Yes,3
1048,3,-1,Yes,3
1049,3,-1,Yes,3
1050,3,-1,Yes,3
1051,3,-1,Yes,3
1052,3,-1,Yes,3
1053,3,-1,Yes,3
1054,3,-1,Yes,3
1055,3,-1,Yes,3
1056,3,-1,Yes,3
1057,3,-1,Yes,3
1058,3,-1,Yes,3
1059,3,-1,Yes,3
1060,3,-1,Yes,3
1061,3,-1,Yes,3
1062,3,-1,Yes,3
1063,3,-1,Yes,3
1064,3,-1,Yes,3
1065,3,-1,Yes,3
1066,3,-1,Yes,3
1067,3,-1,Yes,3
1068,3,-1,Yes,3
1069,3,-1,Yes,3
1070,3,-1,Yes,3
1071,3,-1,Yes,3
1072,3,-1,Yes,3
1073,3,-1,Yes,3
1074,3,-1,Yes,3
1075,3,-1,Yes,3
1076,3,-1,Yes,3
1077,3,-1,Yes,3
1078,3,-1,Yes,3
1079,3,-1,Yes,3
1080,3,-1,Yes,3
1081,3,-1,Yes,3
1082,3,-1,Yes,3
1083,3,-1,Yes,3
1084,3,-1,Yes,3
1085,3,-1,Yes,3
1086,3,-1,Yes,3
1087,3,-1,Yes,3
1088,3,-1,Yes,3
1089,3,-1,Yes,3
1090,3,-1,Yes,3
1091,3,-1,Yes,3
1092,3,-1,Yes,3
1093,3,-1,Yes,3
1094,3,-1,Yes,3
1095,3,-1,Yes,3
1096,3,-1,Yes,3
1097,3,-1,Yes,3
1098,3,-1,Yes,3
1099,3,-1,Yes,3
1100,3,-1,Yes,3
1101,3,-1,Yes,3
1102,3,-1,Yes,3
1103,3,-1,Yes,3
1104,3,-1,Yes,3
1105,3,-1,Yes,3
1106,3,-1,Yes,3
1107,3,-1,Yes,3
1108,3,-1,Yes,3
1109,3,-1,Yes,3
1110,3,-1,Yes,3
1111,3,-1,Yes,3
1112,3,-1,Yes,3
1113,3,-1,Yes,3
1114,3,-1,Yes,3
1115,3,-1,Yes,3
1116,3,-1,Yes,3
1117,3,-1,Yes,3
1118,3,-1,Yes,3
1119,3,-1,Yes,3
1120,3,-1,Yes,3
1121,3,-1,Yes,3
1122,3,-1,Yes,3
1123,3,-1,Yes,3
1124,3,-1,Yes,3
1125,3,-1,Yes,3
1126,3,-1,Yes,3
1127,3,-1,Yes,3
1128,3,-1,Yes,3
1129,3,-1,Yes,3
1130,3,-1,Yes,3
1131,3,-1,Yes,3
1132,3,-1,Yes,3
1133,3,-1,Yes,3
1134,3,-1,Yes,3
1135,3,-1,Yes,3
1136,3,-1,Yes,3
1137,3,-1,Yes,3
1138,3,-1,Yes,3
1139,3,-1,Yes,3
1140,3,-1,Yes,3
1141,3,-1,Yes,3
1142,3,-1,Yes,3
1143,3,-1,Yes,3
1144,3,-1,Yes,3
1145,3,-1,Yes,3
1146,3,-1,Yes,3
1147,3,-1,Yes,3
1148,3,-1,Yes,3
1149,3,-1,Yes,3
1150,3,-1,Yes,3
1151,3,-1,Yes,3
1152,3,-1,Yes,3
1153,3,-1,Yes,3
1154,3,-1,Yes,3
1155,3,-1,Yes,3
1156,3,-1,Yes,3
1157,3,-1,Yes,3
1158,3,-1,Yes,3
1159,3,-1,Yes,3
1160,3,-1,Yes,3
1161,3,-1,Yes,3
1162,3,-1,Yes,3
1163,3,-1,Yes,3
1164,3,-1,Yes,3
1165,3,-1,Yes,3
1166,3,-1,Yes,3
1167,3,-1,Yes,3
1168,3,-1,Yes,3
1169,3,-1,Yes,3
1170,3,-1,Yes,3
1171,3,-1,Yes,3
1172,3,-1,Yes,3
1173,3,-1,Yes,3
1174,3,-1,Yes,3
1175,3,-1,Yes,3
1176,3,-1,Yes,3
1177,3,-1,Yes,3
1178,3,-1,Yes,3
1179,3,-1,Yes,3
1180,3,-1,Yes,3
1181,3,-1,Yes,3
1182,3,-1,Yes,3
1183,3,-1,Yes,3
1184,3,-1,Yes,3
1185,3,-1,Yes,3
1186,1,-1,Yes,1
1187,1,-1,Yes,1
1188,1,-1,Yes,1
1189,1,-1,Yes,1
1190,1,-1,Yes,1
1191,1,-1,Yes,1
1192,1,-1,Yes,1
1193,1,-1,Yes,1
1194,1,-1,Yes,1
1195,1,-1,Yes,1
1196,1,-1,Yes,1
1197,1,-1,Yes,1
1198,1,-1,Yes,1
1199,1,-1,Yes,1
1200,1,-1,Yes,1
1201,1,-1,Yes,1
1202,1,-1,Yes,1
1203,1,-1,Yes,1
1204,1,-1,Yes,1
1205,1,-1,Yes,1
1206,1,-1,Yes,1
1207,1,-1,Yes,1
1208,1,-1,Yes,1
1209,1,-1,Yes,1
1210,1,-1,Yes,1
1211,1,-1,Yes,1
1212,1,-1,Yes,1
1213,1,-1,Yes,1
1214,1,-1,Yes,1
1215,1,-1,Yes,1
1216,1,-1,Yes,1
1217,1,-1,Yes,1
1218,1,-1,Yes,1
1219,1,-1,Yes,1
1220,1,-1,Yes,1
1221,1,-1,Yes,1
1222,1,-1,Yes,1
1223,1,-1,Yes,1
1224,1,-1,Yes,1
1225,1,-1,Yes,1
1226,1,-1,Yes,1
1227,1,-1,Yes,1
1228,1,-1,Yes,1
1229,1,-1,Yes,1
1230,1,-1,Yes,1
1231,1,-1,Yes,1
1232,1,-1,Yes,1
1233,1,-1,Yes,1
1234,1,-1,Yes,1
1235,1,-1,Yes,1
1236,1,-1,Yes,1
1237,1,-1,Yes,1
1238,1,-1,Yes,1
1239,1,-1,Yes,1
1240,1,-1,Yes,1
1241,1,-1,Yes,1
1242,1,-1,Yes,1
1243,1,-1,Yes,1
1244,1,-1,Yes,1
1245,1,-1,Yes,1
1246,1,-1,Yes,1
1247,1,-1,Yes,1
1248,1,-1,Yes,1
1249,1,-1,Yes,1
1250,1,-1,Yes,1
1251,1,-1,Yes,1
1252,1,-1,Yes,1
1253,1,-1,Yes,1
1254,1,-1,Yes,1
1255,1,-1,Yes,1
1256,1,-1,Yes,1
1257,1,-1,Yes,1
1258,1,-1,Yes,1
1259,1,-1,Yes,1
1260,1,-1,Yes,1
1261,1,-1,Yes,1
1262,1,-1,Yes,1
1263,1,-1,Yes,1
1264,1,-1,Yes,1
1265,1,-1,Yes,1
1266,1,-1,Yes,1
1267,1,-1,Yes,1
1268,1,-1,Yes,1
1269,1,-1,Yes,1
1270,1,-1,Yes,1
1271,1,-1,Yes,1
1272,1,-1,Yes,1
1273,1,-1,Yes,1
1274,1,-1,Yes,1
1275,1,-1,Yes,1
1276,1,-1,Yes,1
1277,1,-1,Yes,1
1278,1,-1,Yes,1
1279,1,-1,Yes,1
1280,1,-1,Yes,1
1281,1,-1,Yes,1
1282,1,-1,Yes,1
1283,1,-1,Yes,1
1284,1,-1,Yes,1
1285,1,-1,Yes,1
1286,1,-1,Yes,1
1287,1,-1,Yes,1
1288,1,-1,Yes,1
1289,1,-1,Yes,1
1290,1,-1,Yes,1
1291,1,-1,Yes,1
1292,1,-1,Yes,1
1293,1,-1,Yes,1
1294,1,-1,Yes,1
1295,1,-1,Yes,1
1296,1,-1,Yes,1
1297,1,-1,Yes,1
1298,1,-1,Yes,1
1299,1,-1,Yes,1
1300,1,-1,Yes,1
1301,1,-1,Yes,1
1302,1,-1,Yes,1
1303,1,-1,Yes,1
1304,1,-1,Yes,1
1305,1,-1,Yes,1
1306,1,-1,Yes,1
1307,1,-1,Yes,1
1308,1,-1,Yes,1
1309,1,-1,Yes,1
1310,1,-1,Yes,1
1311,1,-1,Yes,1
1312,1,-1,Yes,1
1313,1,-1,Yes,1
1314,1,-1,Yes,1
1315,1,-1,Yes,1
1316,1,-1,Yes,1
1317,1,-1,Yes,1
1318,1,-1,Yes,1
1319,1,-1,Yes,1
1320,1,-1,Yes,1
1321,1,-1,Yes,1
1322,1,-1,Yes,1
1323,1,-1,Yes,1
1324,1,-1,Yes,1
1325,1,-1,Yes,1
1326,1,-1,Yes,1
1327,1,-1,Yes,1
1328,1,-1,Yes,1
1329,1,-1,Yes,1
1330,1,-1,Yes,1
1331,1,-1,Yes,1
1332,1,-1,Yes,1
1333,1,-1,Yes,1
1334,1,-1,Yes,1
1335,1,-1,Yes,1
1336,1,-1,Yes,1
1337,1,-1,Yes,1
1338,1,-1,Yes,1
1339,1,-1,Yes,1
1340,1,-1,Yes,1
1341,1,-1,Yes,1
1342,1,-1,Yes,1
1343,1,-1,Yes,1
1344,1,-1,Yes,1
1345,1,-1,Yes,1
1346,1,-1,Yes,1
1347,1,-1,Yes,1
1348,1,-1,Yes,1
1349,1,-1,Yes,1
1350,1,-1,Yes,1
1351,1,-1,Yes,1
1352,1,-1,Yes,1
1353,1,-1,Yes,1
1354,1,-1,Yes,1
1355,1,-1,Yes,1
1356,1,-1,Yes,1
1357,1,-1,Yes,1
1358,1,-1,Yes,1
1359,1,-1,Yes,1
1360,1,-1,Yes,1
1361,1,-1,Yes,1
1362,1,-1,Yes,1
1363,1,-1,Yes,1
1364,1,-1,Yes,1
1365,1,-1,Yes,1
1366,1,-1,Yes,1
1367,1,-1,Yes,1
1368,1,-1,Yes,1
1369,1,-1,Yes,1
1370,1,-1,Yes,1
1371,1,-1,Yes,1
1372,1,-1,Yes,1
1373,1,-1,Yes,1
1374,1,-1,Yes,1
1375,1,-1,Yes,1
1376,1,-1,Yes,1
1377,1,-1,Yes,1
1378,1,-1,Yes,1
1379,1,-1,Yes,1
1380,1,-1,Yes,1
1381,1,-1,Yes,1
1382,1,-1,Yes,1
1383,1,-1,Yes,1
1384,1,-1,Yes,1
1385,1,-1,Yes,1
1386,1,-1,Yes,1
1387,1,-1,Yes,1
1388,1,-1,Yes,1
1389,1,-1,Yes,1
1390,1,-1,Yes,1
1391,1,-1,Yes,1
1392,1,-1,Yes,1
1393,1,-1,Yes,1
1394,1,-1,Yes,1
1395,1,-1,Yes,1
1396,1,-1,Yes,1
1397,1,-1,Yes,1
1398,1,-1,Yes,1
1399,1,-1,Yes,1
1400,1,-1,Yes,1
1401,1,-1,Yes,1
1402,1,-1,Yes,1
1403,1,-1,Yes,1
1404,1,-1,Yes,1
1405,1,-1,Yes,1
1406,1,-1,Yes,1
1407,1,-1,Yes,1
1408,1,-1,Yes,1
1409,1,-1,Yes,1
1410,1,-1,Yes,1
1411,1,-1,Yes,1
1412,1,-1,Yes,1
1413,1,-1,Yes,1
1414,1,-1,Yes,1
1415,1,-1,Yes,1
1416,1,-1,Yes,1
1417,1,-1,Yes,1
1418,1,-1,Yes,1
1419,1,-1,Yes,1
1420,1,-1,Yes,1
1421,1,-1,Yes,1
1422,1,-1,Yes,1
1423,2,-1,Yes,2
1424,2,-1,Yes,2
1425,2,-1,Yes,2
1426,2,-1,Yes,2
1427,2,-1,Yes,2
1428,2,-1,Yes,2
1429,2,-1,Yes,2
1430,2,-1,Yes,2
1431,2,-1,Yes,2
1432,2,-1,Yes,2
1433,2,-1,Yes,2
1434,2,-1,Yes,2
1435,2,-1,Yes,2
1436,2,-1,Yes,2
1437,2,-1,Yes,2
1438,2,-1,Yes,2
1439,2,-1,Yes,2
1440,2,-1,Yes,2
1441,2,-1,Yes,2
1442,2,-1,Yes,2
1443,2,-1,Yes,2
1444,2,-1,Yes,2
1445,2,-1,Yes,2
1446,2,-1,Yes,2
1447,2,-1,Yes,2
1448,2,-1,Yes,2
1449,2,-1,Yes,2
1450,2,-1,Yes,2
1451,2,-1,Yes,2
1452,2,-1,Yes,2
1453,2,-1,Yes,2
1454,2,-1,Yes,2
1455,2,-1,Yes,2
1456,2,-1,Yes,2
1457,2,-1,Yes,2
1458,2,-1,Yes,2
1459,2,-1,Yes,2
1460,2,-1,Yes,2
1461,2,-1,Yes,2
1462,2,-1,Yes,2
1463,2,-1,Yes,2
1464,2,-1,Yes,2
1465,2,-1,Yes,2
1466,2,-1,Yes,2
1467,2,-1,Yes,2
1468,2,-1,Yes,2
1469,2,-1,Yes,2
1470,2,-1,Yes,2
1471,2,-1,Yes,2
1472,2,-1,Yes,2
1473,2,-1,Yes,2
1474,2,-1,Yes,2
1475,2,-1,Yes,2
1476,2,-1,Yes,2
1477,2,-1,Yes,2
1478,2,-1,Yes,2
1479,2,-1,Yes,2
1480,2,-1,Yes,2
1481,2,-1,Yes,2
1482,2,-1,Yes,2
1483,2,-1,Yes,2
1484,2,-1,Yes,2
1485,2,-1,Yes,2
1486,2,-1,Yes,2
1487,2,-1,Yes,2
1488,2,-1,Yes,2
1489,2,-1,Yes,2
1490,2,-1,Yes,2
1491,2,-1,Yes,2
1492,2,-1,Yes,2
1493,2,-1,Yes,2
1494,2,-1,Yes,2
1495,2,-1,Yes,2
1496,2,-1,Yes,2
1497,2,-1,Yes,2
1498,2,-1,Yes,2
1499,2,-1,Yes,2
1500,2,-1,Yes,2
1501,2,-1,Yes,2
1502,2,-1,Yes,2
1503,2,-1,Yes,2
1504,2,-1,Yes,2
1505,2,-1,Yes,2
1506,2,-1,Yes,2
1507,2,-1,Yes,2
1508,2,-1,Yes,2
1509,2,-1,Yes,2
1510,2,-1,Yes,2
1511,2,-1,Yes,2
1512,2,-1,Yes,2
1513,2,-1,Yes,2
1514,2,-1,Yes,2
1515,2,-1,Yes,2
1516,2,-1,Yes,2
1517,2,-1,Yes,2
1518,2,-1,Yes,2
1519,2,-1,Yes,2
1520,2,-1,Yes,2
1521,2,-1,Yes,2
1522,2,-1,Yes,2
1523,2,-1,Yes,2
1524,2,-1,Yes,2
1525,2,-1,Yes,2
1526,2,-1,Yes,2
1527,2,-1,Yes,2
1528,2,-1,Yes,2
1529,2,-1,Yes,2
1530,2,-1,Yes,2
1531,2,-1,Yes,2
1532,2,-1,Yes,2
1533,2,-1,Yes,2
1534,2,-1,Yes,2
1535,2,-1,Yes,2
1536,2,-1,Yes,2
1537,2,-1,Yes,2
1538,2,-1,Yes,2
1539,2,-1,Yes,2
1540,2,-1,Yes,2
1541,2,-1,Yes,2
1542,2,-1,Yes,2
1543,2,-1,Yes,2
1544,2,-1,Yes,2
1545,2,-1,Yes,2
1546,2,-1,Yes,2
1547,2,-1,Yes,2
1548,2,-1,Yes,2
1549,2,-1,Yes,2
1550,2,-1,Yes,2
1551,2,-1,Yes,2
1552,2,-1,Yes,2
1553,2,-1,Yes,2
1554,2,-1,Yes,2
1555,2,-1,Yes,2
1556,2,-1,Yes,2
1557,2,-1,Yes,2
1558,2,-1,Yes,2
1559,2,-1,Yes,2
1560,2,-1,Yes,2
1561,2,-1,Yes,2
1562,2,-1,Yes,2
1563,2,-1,Yes,2
1564,2,-1,Yes,2
1565,2,-1,Yes,2
1566,2,-1,Yes,2
1567,2,-1,Yes,2
1568,2,-1,Yes,2
1569,2,-1,Yes,2
1570,2,-1,Yes,2
1571,2,-1,Yes,2
1572,2,-1,Yes,2
1573,2,-1,Yes,2
1574,2,-1,Yes,2
1575,2,-1,Yes,2
1576,2,-1,Yes,2
1577,2,-1,Yes,2
1578,2,-1,Yes,2
1579,2,-1,Yes,2
1580,2,-1,Yes,2
1581,2,-1,Yes,2
1582,2,-1,Yes,2
1583,2,-1,Yes,2
1584,2,-1,Yes,2
1585,2,-1,Yes,2
1586,2,-1,Yes,2
1587,2,-1,Yes,2
1588,2,-1,Yes,2
1589,2,-1,Yes,2
1590,2,-1,Yes,2
1591,2,-1,Yes,2
1592,2,-1,Yes,2
1593,2,-1,Yes,2
1594,2,-1,Yes,2
1595,2,-1,Yes,3
1596,2,-1,Yes,2
1597,2,-1,Yes,2
1598,2,-1,Yes,2
1599,2,-1,Yes,2
1600,2,-1,Yes,2
1601,2,-1,Yes,2
1602,2,-1,Yes,2
1603,2,-1,Yes,2
1604,2,-1,Yes,2
1605,2,-1,Yes,2
1606,2,-1,Yes,2
1607,2,-1,Yes,2
1608,2,-1,Yes,2
1609,2,-1,Yes,2
1610,2,-1,Yes,2
1611,2,-1,Yes,2
1612,2,-1,Yes,2
1613,2,-1,Yes,2
1614,2,-1,Yes,2
1615,2,-1,Yes,2
1616,2,-1,Yes,2
1617,2,-1,Yes,2
1618,2,-1,Yes,2
1619,2,-1,Yes,2
1620,2,-1,Yes,2
1621,2,-1,Yes,2
1622,2,-1,Yes,2
1623,2,-1,Yes,2
1624,2,-1,Yes,2
1625,2,-1,Yes,2
1626,2,-1,Yes,2
1627,2,-1,Yes,2
1628,2,-1,Yes,2
1629,2,-1,Yes,2
1630,2,-1,Yes,2
1631,2,-1,Yes,2
1632,2,-1,Yes,2
1633,2,-1,Yes,2
1634,2,-1,Yes,2
1635,2,-1,Yes,2
1636,2,-1,Yes,2
1637,2,-1,Yes,2
1638,2,-1,Yes,2
1639,2,-1,Yes,2
1640,2,-1,Yes,2
1641,2,-1,Yes,2
1642,2,-1,Yes,2
1643,2,-1,Yes,2
1644,2,-1,Yes,2
1645,2,-1,Yes,2
1646,2,-1,Yes,2
1647,2,-1,Yes,2
1648,2,-1,Yes,2
1649,2,-1,Yes,2
1650,2,-1,Yes,2
1651,2,-1,Yes,2
1652,2,-1,Yes,2
1653,2,-1,Yes,2
1654,2,-1,Yes,2
1655,2,-1,Yes,2
1656,2,-1,Yes,2
1657,2,-1,Yes,2
1658,2,-1,Yes,2
1659,2,-1,Yes,2
1660,3,-1,Yes,3
1661,3,-1,Yes,3
1662,3,-1,Yes,3
1663,3,-1,Yes,3
1664,3,-1,Yes,3
1665,3,-1,Yes,3
1666,3,-1,Yes,3
1667,3,-1,Yes,3
1668,3,-1,Yes,3
1669,3,-1,Yes,3
1670,3,-1,Yes,3
1671,3,-1,Yes,3
1672,3,-1,Yes,3
1673,3,-1,Yes,3
1674,3,-1,Yes,3
1675,3,-1,Yes,3
1676,3,-1,Yes,3
1677,3,-1,Yes,3
1678,3,-1,Yes,3
1679,3,-1,Yes,3
1680,3,-1,Yes,3
1681,3,-1,Yes,3
1682,3,-1,Yes,3
1683,3,-1,Yes,3
1684,3,-1,Yes,3
1685,3,-1,Yes,3
1686,3,-1,Yes,3
1687,3,-1,Yes,3
1688,3,-1,Yes,3
1689,3,-1,Yes,3
1690,3,-1,Yes,3
1691,3,-1,Yes,3
1692,3,-1,Yes,3
1693,3,-1,Yes,3
1694,3,-1,Yes,3
1695,3,-1,Yes,3
1696,3,-1,Yes,3
1697,3,-1,Yes,3
1698,3,-1,Yes,3
1699,3,-1,Yes,3
1700,3,-1,Yes,3
1701,3,-1,Yes,3
1702,3,-1,Yes,3
1703,3,-1,Yes,3
1704,3,-1,Yes,3
1705,3,-1,Yes,3
1706,3,-1,Yes,3
1707,3,-1,Yes,3
1708,3,-1,Yes,3
1709,3,-1,Yes,3
1710,3,-1,Yes,3
1711,3,-1,Yes,3
1712,3,-1,Yes,3
1713,3,-1,Yes,3
1714,3,-1,Yes,3
1715,3,-1,Yes,3
1716,3,-1,Yes,3
1717,3,-1,Yes,3
1718,3,-1,Yes,3
1719,3,-1,Yes,3
1720,3,-1,Yes,3
1721,3,-1,Yes,3
1722,3,-1,Yes,3
1723,3,-1,Yes,3
1724,3,-1,Yes,3
1725,3,-1,Yes,3
1726,3,-1,Yes,3
1727,3,-1,Yes,3
1728,3,-1,Yes,3
1729,3,-1,Yes,3
1730,3,-1,Yes,3
1731,3,-1,Yes,3
1732,3,-1,Yes,3
1733,3,-1,Yes,3
1734,3,-1,Yes,3
1735,3,-1,Yes,3
1736,3,-1,Yes,3
1737,3,-1,Yes,3
1738,3,-1,Yes,3
1739,3,-1,Yes,3
1740,3,-1,Yes,3
1741,3,-1,Yes,3
1742,3,-1,Yes,3
1743,3,-1,Yes,3
1744,3,-1,Yes,3
1745,3,-1,Yes,3
1746,3,-1,Yes,3
1747,3,-1,Yes,3
1748,3,-1,Yes,3
1749,3,-1,Yes,3
1750,3,-1,Yes,3
1751,3,-1,Yes,3
1752,3,-1,Yes,3
1753,3,-1,Yes,3
1754,3,-1,Yes,3
1755,3,-1,Yes,3
1756,3,-1,Yes,3
1757,3,-1,Yes,3
1758,3,-1,Yes,3
1759,3,-1,Yes,3
1760,3,-1,Yes,3
1761,3,-1,Yes,3
1762,3,-1,Yes,3
1763,3,-1,Yes,3
1764,3,-1,Yes,3
1765,3,-1,Yes,3
1766,3,-1,Yes,3
1767,3,-1,Yes,3
1768,3,-1,Yes,3
1769,3,-1,Yes,3
1770,3,-1,Yes,3
1771,3,-1,Yes,3
1772,3,-1,Yes,3
1773,3,-1,Yes,3
1774,3,-1,Yes,3
1775,3,-1,Yes,3
1776,3,-1,Yes,3
1777,3,-1,Yes,3
1778,3,-1,Yes,3
1779,3,-1,Yes,3
1780,3,-1,Yes,3
1781,3,-1,Yes,3
1782,3,-1,Yes,3
1783,3,-1,Yes,3
1784,3,-1,Yes,3
1785,3,-1,Yes,3
1786,3,-1,Yes,3
1787,3,-1,Yes,3
1788,3,-1,Yes,3
1789,3,-1,Yes,3
1790,3,-1,Yes,3
1791,3,-1,Yes,3
1792,3,-1,Yes,3
1793,3,-1,Yes,3
1794,3,-1,Yes,3
1795,3,-1,Yes,3
1796,3,-1,Yes,3
1797,3,-1,Yes,3
1798,3,-1,Yes,3
1799,3,-1,Yes,3
1800,3,-1,Yes,3
1801,3,-1,Yes,3
1802,3,-1,Yes,3
1803,3,-1,Yes,3
1804,3,-1,Yes,3
1805,3,-1,Yes,3
1806,3,-1,Yes,3
1807,3,-1,Yes,3
1808,3,-1,Yes,3
1809,3,-1,Yes,3
1810,3,-1,Yes,3
1811,3,-1,Yes,3
1812,3,-1,Yes,3
1813,3,-1,Yes,3
1814,3,-1,Yes,3
1815,3,-1,Yes,3
1816,3,-1,Yes,3
1817,3,-1,Yes,3
1818,3,-1,Yes,3
1819,3,-1,Yes,3
1820,3,-1,Yes,3
1821,3,-1,Yes,3
1822,3,-1,Yes,3
1823,3,-1,Yes,3
1824,3,-1,Yes,3
1825,3,-1,Yes,3
1826,3,-1,Yes,3
1827,3,-1,Yes,3
1828,3,-1,Yes,3
1829,3,-1,Yes,3
1830,3,-1,Yes,3
1831,3,-1,Yes,3
1832,3,-1,Yes,3
1833,3,-1,Yes,3
1834,3,-1,Yes,3
1835,3,-1,Yes,3
1836,3,-1,Yes,3
1837,3,-1,Yes,3
1838,3,-1,Yes,3
1839,3,-1,Yes,3
1840,3,-1,Yes,3
1841,3,-1,Yes,3
1842,3,-1,Yes,3
1843,3,-1,Yes,3
1844,3,-1,Yes,3
1845,3,-1,Yes,3
1846,3,-1,Yes,3
1847,3,-1,Yes,3
1848,3,-1,Yes,3
1849,3,-1,Yes,3
1850,3,-1,Yes,3
1851,3,-1,Yes,3
1852,3,-1,Yes,3
1853,3,-1,Yes,3
1854,3,-1,Yes,3
1855,3,-1,Yes,3
1856,3,-1,Yes,3
1857,3,-1,Yes,3
1858,3,-1,Yes,3
1859,3,-1,Yes,3
1860,3,-1,Yes,3
1861,3,-1,Yes,3
1862,3,-1,Yes,3
1863,3,-1,Yes,3
1864,3,-1,Yes,3
1865,3,-1,Yes,3
1866,3,-1,Yes,3
1867,3,-1,Yes,3
1868,3,-1,Yes,3
1869,3,-1,Yes,3
1870,3,-1,Yes,3
1871,3,-1,Yes,3
1872,3,-1,Yes,3
1873,3,-1,Yes,3
1874,3,-1,Yes,3
1875,3,-1,Yes,3
1876,3,-1,Yes,3
1877,3,-1,Yes,3
1878,3,-1,Yes,3
1879,3,-1,Yes,3
1880,3,-1,Yes,3
1881,3,-1,Yes,3
1882,3,-1,Yes,3
1883,3,-1,Yes,3
1884,3,-1,Yes,3
1885,3,-1,Yes,3
1886,3,-1,Yes,3
1887,3,-1,Yes,3
1888,3,-1,Yes,3
1889,3,-1,Yes,3
1890,3,-1,Yes,3
1891,3,-1,Yes,3
1892,3,-1,Yes,3
1893,3,-1,Yes,3
1894,3,-1,Yes,3
1895,3,-1,Yes,3
1896,3,-1,Yes,3
1897,3,-1,Yes,3
